{
  "timestamp": "20251223_154642",
  "models": {
    "Logistic Regression": {
      "accuracy": 0.8260869565217391,
      "precision": 0.8431372549019608,
      "recall": 0.8431372549019608,
      "roc_auc": 0.8939502630320421,
      "cv_mean": 0.8804024260392824,
      "cv_std": 0.02035689059591728,
      "confusion_matrix": [
        [
          66,
          16
        ],
        [
          16,
          86
        ]
      ]
    },
    "Random Forest": {
      "accuracy": 0.8369565217391305,
      "precision": 0.8461538461538461,
      "recall": 0.8627450980392157,
      "roc_auc": 0.9201936872309899,
      "cv_mean": 0.8738899698113791,
      "cv_std": 0.027362157910195386,
      "confusion_matrix": [
        [
          66,
          16
        ],
        [
          14,
          88
        ]
      ]
    }
  }
}